{"End_Time_of_Route":{"0":1549805400000,"1":1549803539000,"2":1549802100000,"3":1549804440000,"4":1549796759000,"5":1549808279000,"6":1549808700000,"7":1549804620000,"8":1549807800000,"9":1549803420000},"Energy_Required":{"0":26.8191,"1":31.331,"2":26.5712666667,"3":23.5696666667,"4":29.24414,"5":28.6552466667,"6":25.2009133333,"7":21.4732666667,"8":25.9728933333,"9":23.28012},"Start_next_route":{"0":1549862100000,"1":1549862100000,"2":1549862100000,"3":1549862100000,"4":1549862100000,"5":1549862460000,"6":1549862999000,"7":1549862999000,"8":1549863060000,"9":1549863900000},"Energy_Use_Opt":{"0":29.799,"1":34.8122222,"2":29.5236296,"3":26.18851851,"4":32.4934889,"5":31.839163,"6":28.0010148148,"7":23.85918519,"8":28.85877037,"9":25.86679997},"Energy_Use_BAU":{"0":29.799,"1":34.8122222222,"2":29.5236296296,"3":26.1885185185,"4":32.4934888889,"5":31.839162963,"6":28.0010148148,"7":23.8591851852,"8":28.8587703704,"9":25.8668},"Electricity_Cost_Opt":{"0":262.5404,"1":306.974623808,"2":259.813688632,"3":232.351582592,"4":289.790266912,"5":285.47715158,"6":252.3588085925,"7":214.5167359002,"8":255.630687404,"9":230.9072631316},"Electricity_Cost_BAU":{"0":522.4702455993,"1":528.0097497703,"2":382.9106228626,"3":355.8773702248,"4":328.8351024754,"5":638.0561755686,"6":540.1424112132,"7":296.8310110257,"8":563.005191715,"9":292.0394153539},"Peak_Output_Opt":{"0":3.5,"1":3.5,"2":3.5,"3":3.5,"4":3.5,"5":3.5,"6":3.5,"7":3.5,"8":3.5,"9":3.5},"Peak_Output_BAU":{"0":3.5,"1":3.5,"2":3.5,"3":3.5,"4":3.5,"5":3.5,"6":3.5,"7":3.5,"8":3.5,"9":3.5}}